Query_ID,Query,Rank,Doc_ID,Similarity,Is_Relevant,Preview
1,bbq cooking class missoula,1,0,0.4623,1,"Beginners BBQ Class Taking Place in Missoula! Do you want to get better at making delicious BBQ? You will have the opportunity, put this on your calendar now. Thursday, September 2..."
1,bbq cooking class missoula,2,26462,0.2627,0,Sous vide cooking is a cooking style that uses vacuum-sealed bags to cook your dishes. This type of cooking takes place in an accurate temperature-monitored water bath. It is obser...
1,bbq cooking class missoula,3,19359,0.2379,1,"Backyard, Backyard Bbq Ideas was posted February 16, 2019 at 2:44 pm by soulpower.info . More over Backyard Bbq Ideas has viewed by 501 visitor. Backyard, Cheap Backyard Bbq Ideas ..."
1,bbq cooking class missoula,4,25435,0.2319,1,You don’t have to cook boring BBQ try some of our famous Rubs you cannot go wrong. The Spice Agent offered up by our BBQ and Grilling selection is Fabulous!!! Whether you are a wee...
1,bbq cooking class missoula,5,24297,0.23,0,Cooking Frenzy Halloween Cookies is a free online cooking game for girls to play online. Learn how to make Halloween cookies through this wonderful cooking game. Have fun!...
2,mac os x lion hard drive,1,20243,0.3675,0,Hay Day Hack Not Working – Hay Day Cheats Mac Os X successfully tested for extended period of time and now has been published in our website for public use. This tool will do all t...
2,mac os x lion hard drive,2,29819,0.3478,1,Poll: Is Mountain Lion devouring your Mac's battery life? Apple developers test-driving the latest Mountain Lion (10.8) release may have noticed some higher-res graphics erroneousl...
2,mac os x lion hard drive,3,2957,0.3145,1,"using Internet restore, after replacing bad hard drive. After I erased the old HD and was trying to install the new OS (Lion, app in this case I was also met with the repeating ""Th..."
2,mac os x lion hard drive,4,6478,0.3051,0,"Mac and Mac deduce that since fish live in schools, they must be smart. The fish in this funny story are smart enough to outwit Mac and Mac! Cousin Meatball also gets the better of..."
2,mac os x lion hard drive,5,117,0.3047,0,OpenWRT that use -Os to make small binaries. OS X.  I don't know enough about the other platforms to say. Here's the Debian docs on the topic....
3,chocolate cake recipe baking,1,9010,0.5754,1,"Learn how to easily bake a cake from scratch with the Robin Hood Bake Class. From start-to-finish, we show you an easy recipe for baking the perfect white cake. Starting with a sim..."
3,chocolate cake recipe baking,2,15788,0.5741,1,A rich layered cake that is topped and coated with chocolate ganache. It is a complete pleasure to bake these cakes and can be served as a sinful dessert along with a nice cup of t...
3,chocolate cake recipe baking,3,22650,0.5551,1,Double Chocolate Cake is a scrumptious delight for all those who want to splurge into the world of chocolate and satisfy their cravings. This cake is an outcome of using delicious ...
3,chocolate cake recipe baking,4,18762,0.4986,1,"The crumbs, not bad huh, taste delicious! Line the base of an 8″ round pan. Do not grease the sides. 1. Put oil in a saucepan and heat on low fire until just simmering. If you have..."
3,chocolate cake recipe baking,5,3049,0.4641,0,Red Velvet Poke Cake - red velvet cake soaked in sweetened condensed milk and chocolate and topped with a quick homemade cream cheese frosting. SO good! Great for potlucks and the ...
4,hotel reservation booking room,1,24406,0.4601,1,"* Rates per room with taxes included. ** The online booking only takes into account the room. If you want half board you must indicate it in the space ""comments"" on the online book..."
4,hotel reservation booking room,2,18484,0.3944,0,"We have updated our terms and conditions. Please confirm you have read our terms and conditions and agree to them, by ticking 'accept terms & conditions'. Then click submit to move..."
4,hotel reservation booking room,3,10452,0.3415,1,"There are many ways to make a hotel room more comfortable. If you’re a guest staying at the hotel, you should bring crucial things that you’d never travel without like toiletries, ..."
4,hotel reservation booking room,4,11583,0.3168,1,"Free hotel search.com offers a secure real-time booking engine to most hotels from hotel chain: Knights Inn. You can book Knights Inn hotels directly from our website. When you do,..."
4,hotel reservation booking room,5,28910,0.3114,0,"﻿ Rizzan Sea-Park Hotel Tancha Bay, Okinawa Main island | FROM $62 - SAVE ON AGODA! ""Very nice seaview from room balcony."" ""Beautiful ocean view and big room."" ""Arcade, convenience..."
5,solar panel renewable energy,1,18415,0.5573,0,The solar panel is also called the photovoltaic panel; it is a device that works by converting the sunlight directly into the electrical energy. Solar panels are made on many solar...
5,solar panel renewable energy,2,20909,0.4851,0,There are many ongoing solar energy projects which have been causing quite a bit of excitement in the renewable energy world. There has been much research into solar technology and...
5,solar panel renewable energy,3,8602,0.4674,0,"In simple terms, solar panels in Paige, TX are designed so that photons from the sun knock free electrons attached to atoms. Some of the freed electrons will move to the top of the..."
5,solar panel renewable energy,4,25943,0.4462,0,"At Solar Panel Installation Guys, we have factory trained experts who are experienced in Solar Panel Installation. With decades of experience in installing the solar panels on roof..."
5,solar panel renewable energy,5,23303,0.4211,0,"Are you interested in joining the Bermuda Solar Energy Association? Or are you interested in learning more about what we are doing to promote renewable energy? If so, please provid..."
6,deep learning neural network,1,15336,0.3144,1,I have often heard people saying that why convolutional neural networks are still poorly understood. Is it known why convolutional neural networks always end up learning increasing...
6,deep learning neural network,2,7564,0.2325,0,"would I have learned, learnt? would you have learned, learnt? would he have learned, learnt? would we have learned, learnt? would they have learned, learnt? would I have been learn..."
6,deep learning neural network,3,4652,0.2201,0,JAMA Netw Open. 2019 Jan 4;2(1):e186937. doi: 10.1001/jamanetworkopen.2018.6937. Machine Learning-Based Prediction of Clinical Outcomes for Children During Emergency Department Tri...
6,deep learning neural network,4,10909,0.2099,0,"James Neill, a Montreal-based kdb+ developer with First Derivatives, wrote a paper about how kdb+ can be used in machine learning techniques. James Neill works as a kdb+ consultant..."
6,deep learning neural network,5,15168,0.1953,1,"AI and deep learning is serious business at NVIDIA, but that doesn’t mean you can’t have a ton of fun putting it to work. Researchers at NVIDIA challenge themselves each day to ans..."
7,natural language processing,1,25428,0.3893,0,"Note: If you're on an iPhone, you cannot change the language of Facebook through the mobile app. Instead, Facebook uses whatever language your phone is set up to use, so to change ..."
7,natural language processing,2,8705,0.3704,0,"These regulations may be called the Food Safety and Standards (Food Products Standards and Food Additives) Amendment Regulations, 2019. They shall come into force on the date of th..."
7,natural language processing,3,24482,0.315,1,"Harald, you are a co-owner of Language Partners. Are you a linguist yourself, and how did you get into this competitive line of business? No, I’m not a linguist; I am a historian a..."
7,natural language processing,4,4075,0.2922,0,"Looking for Spanish language instructor to improve my reading, writing and speaking skills. We require the tutor to travel to our location at Gwal Pahari. A certification or degree..."
7,natural language processing,5,701,0.2906,0,"Program in Teaching French as a Foreign Language was established in 1985 under the Department of Foreign Education. 2 full professors,3 assistant professors and 3 research assistan..."
8,medical image classification,1,18971,0.4237,1,The new RTS Environmental Classification system (RTS GLT) is designed for parties who are commissioning construction projects and who want to build in an environmentally responsibl...
8,medical image classification,2,8527,0.3537,0,History of maize classification. How races used in classification. Geographical distribution. Existing races of maize in Mexico....
8,medical image classification,3,19908,0.2609,0,"Download League Of Legends Wallpapers in high-quality for your desktop and smart-phone in wide-screen and HD resolution. Right click on image, and select “Save Image as League Of L..."
8,medical image classification,4,12658,0.249,0,"This guidance is for pharmacists who handle, use and sell/supply medical devices. What to do with medical device alerts. Why this guidance is important for you? What types of medic..."
8,medical image classification,5,15682,0.2486,0,"- Group Image: Provided functionality of group's image, user can now view and change the group's image also. - Profile image: User can now set a profile image during sign up proces..."
